path,t_start,t_end,duration,f_low,f_high,center_freq,stage_a_conf,completeness_score,completeness_label,retained,n_members
/Users/leyangloh/dev/bird-audio-pwa/data/20250611_080000.WAV,21.64879975318909,22.94675434223811,1.29795458904902,4806.4393401145935,9130.135014653206,6968.2871773839,0.936845600605011,0.998501181602478,complete,true,5
/Users/leyangloh/dev/bird-audio-pwa/data/20250611_080000.WAV,30.850749440193177,32.15986182848612,1.3091123882929452,4858.509063720703,9282.912969589232,7070.711016654968,0.938222110271454,0.9984444975852966,complete,true,1
/Users/leyangloh/dev/bird-audio-pwa/data/20250611_080000.WAV,30.858966510534287,32.16500492119789,1.3060384106636036,4862.8580421209335,9282.167091965675,7072.512567043304,0.9380846619606018,0.9987897276878356,complete,true,1
/Users/leyangloh/dev/bird-audio-pwa/data/20250611_080000.WAV,30.861555335998535,32.101333333333336,1.2397779973348015,4868.610709905624,9277.833312749864,7073.2220113277435,0.9370774626731871,0.9999898672103882,complete,true,1
/Users/leyangloh/dev/bird-audio-pwa/data/20250611_080000.WAV,31.40289152797063,32.16572191890081,0.7628303909301763,5045.1230853796005,8511.711493134499,6778.41728925705,0.9378191828727722,0.9997698664665222,complete,true,1
/Users/leyangloh/dev/bird-audio-pwa/data/20250611_080000.WAV,38.896056349436435,40.25050919151306,1.3544528420766255,4818.165734410286,9245.132490992546,7031.649112701416,0.9325880408287048,0.998256504535675,complete,true,1
/Users/leyangloh/dev/bird-audio-pwa/data/20250611_080000.WAV,38.90017393708229,40.25342732787132,1.3532533907890285,4812.673464417458,9245.332762598991,7029.0031135082245,0.932684600353241,0.9992272853851318,complete,true,1
/Users/leyangloh/dev/bird-audio-pwa/data/20250611_080000.WAV,38.91207227977117,40.248094435056046,1.33602215528488,4821.713626384735,9283.528983592989,7052.621304988861,0.9311098456382751,0.9957947731018066,complete,true,1
/Users/leyangloh/dev/bird-audio-pwa/data/20250611_080000.WAV,39.59466666666667,40.267559289217,0.6728926225503287,4978.367932140827,8446.935586631298,6712.651759386063,0.9262834191322328,0.9893711805343628,complete,true,1
/Users/leyangloh/dev/bird-audio-pwa/data/20250611_080000.WAV,49.00833758449554,50.2356156835556,1.227278099060058,5081.214666366577,9198.413103818892,7139.813885092735,0.9320290088653564,0.9999051094055176,complete,true,5
/Users/leyangloh/dev/bird-audio-pwa/data/20250611_080000.WAV,58.60459083239237,59.869469637870786,1.2648788054784177,4622.094020247459,9233.66828262806,6927.881151437759,0.9392815232276917,0.999896764755249,complete,true,1
/Users/leyangloh/dev/bird-audio-pwa/data/20250611_080000.WAV,58.607359334071475,59.87800341312091,1.2706440790494329,4617.789745330811,9234.786093235016,6926.287919282913,0.9385411143302916,0.9998630285263062,complete,true,1
/Users/leyangloh/dev/bird-audio-pwa/data/20250611_080000.WAV,58.70933333333333,59.86443578338623,1.155102450052894,4588.774055242538,9139.770179986954,6864.272117614746,0.9352582693099976,0.9997851252555848,complete,true,1
/Users/leyangloh/dev/bird-audio-pwa/data/20250611_080000.WAV,59.392,59.85489160569509,0.46289160569509136,4774.890750646591,8466.55449271202,6620.722621679306,0.8760975003242493,0.999526858329773,complete,true,1
/Users/leyangloh/dev/bird-audio-pwa/data/20250611_080000.WAV,64.42556721433003,65.7615213727951,1.3359541584650714,4878.523260354996,9328.623622655869,7103.573441505432,0.9333553910255432,0.9998088479042052,complete,true,6
/Users/leyangloh/dev/bird-audio-pwa/data/20250611_080000.WAV,73.63592258485158,74.93734564971923,1.3014230648676488,4960.98330616951,9415.920585393906,7188.451945781708,0.9395063519477844,0.9999912977218628,complete,true,1
/Users/leyangloh/dev/bird-audio-pwa/data/20250611_080000.WAV,73.63668084120751,74.94295303559304,1.306272194385528,4952.387720346451,9419.115990400314,7185.751855373383,0.9388339519500732,0.999963402748108,complete,true,1
/Users/leyangloh/dev/bird-audio-pwa/data/20250611_080000.WAV,73.72935669867198,74.93560916074117,1.2062524620691877,4962.322846055031,9254.62393462658,7108.473390340805,0.9366475343704224,0.999975562095642,complete,true,1
/Users/leyangloh/dev/bird-audio-pwa/data/20250611_080000.WAV,74.41066666666667,74.93447996918361,0.5238133025169418,5106.978848576546,8394.17128264904,6750.575065612793,0.9223231077194214,0.9999473094940186,complete,true,1
/Users/leyangloh/dev/bird-audio-pwa/data/20250611_080000.WAV,84.20274172401427,85.57113735580444,1.3683956317901649,4764.964789152145,9458.947464823725,7111.956126987934,0.9402945041656494,0.9998239874839784,complete,true,6
/Users/leyangloh/dev/bird-audio-pwa/data/20250611_080000.WAV,96.62763145128883,98.00325907389322,1.3756276226043695,4809.812888503075,9236.429393291472,7023.121140897274,0.9283772706985474,0.9852775931358336,complete,true,5
/Users/leyangloh/dev/bird-audio-pwa/data/20250611_080000.WAV,110.36150163968404,111.7020128062566,1.3405111665725684,4808.202221989632,9403.397127985954,7105.799674987793,0.9271599650382996,0.997916042804718,complete,true,5
/Users/leyangloh/dev/bird-audio-pwa/data/20250611_080000.WAV,123.20090133953092,124.60116861406962,1.4002672745386917,4876.380622386932,9404.824063181875,7140.602342784405,0.9316338300704956,0.9995960593223572,complete,true,6
/Users/leyangloh/dev/bird-audio-pwa/data/20250611_080000.WAV,134.89600699361165,136.26981640752155,1.3738094139098962,4742.003291845322,9419.807106256483,7080.905199050903,0.9361161589622498,0.9988613128662108,complete,true,6
/Users/leyangloh/dev/bird-audio-pwa/data/20250611_080000.WAV,149.37718845939636,150.7648588059743,1.3876703465779483,4896.590173244476,9465.038537979126,7180.814355611801,0.928437888622284,0.9967516660690308,complete,true,5
/Users/leyangloh/dev/bird-audio-pwa/data/20250611_080000.WAV,164.7971041463216,166.16940351422627,1.3722993679046738,4676.885515451431,9497.90945649147,7087.397485971451,0.9387532472610474,0.9999719858169556,complete,true,6
/Users/leyangloh/dev/bird-audio-pwa/data/20250611_080000.WAV,183.57173994668324,184.98839661248525,1.4166566658020088,4910.970166325569,9404.695317149162,7157.832741737366,0.92106431722641,0.9999790191650392,complete,true,1
/Users/leyangloh/dev/bird-audio-pwa/data/20250611_080000.WAV,183.57686875534057,184.98739793014525,1.4105291748046795,4920.496702194214,9407.856523990631,7164.1766130924225,0.921790599822998,0.9999790191650392,complete,true,1
/Users/leyangloh/dev/bird-audio-pwa/data/20250611_080000.WAV,183.63733333333332,184.99692172273,1.359588389396663,4913.422152400017,9346.753790974615,7130.087971687317,0.9287511706352234,0.999868869781494,complete,true,1
/Users/leyangloh/dev/bird-audio-pwa/data/20250611_080000.WAV,184.32,185.0144933462143,0.6944933462143013,5140.251316130161,8552.43893712759,6846.345126628876,0.927636444568634,0.9996607303619384,complete,true,1
/Users/leyangloh/dev/bird-audio-pwa/data/20250611_080000.WAV,193.2946455523173,194.66210678863524,1.3674612363179506,4791.937530040741,9502.306938171389,7147.122234106064,0.9373924732208252,0.999821960926056,complete,true,1
/Users/leyangloh/dev/bird-audio-pwa/data/20250611_080000.WAV,193.30085831197104,194.66657992235815,1.3657216103871406,4790.397271513939,9501.635268330574,7146.0162699222565,0.9374213814735411,0.998536229133606,complete,true,1
/Users/leyangloh/dev/bird-audio-pwa/data/20250611_080000.WAV,193.3023724772135,194.576,1.2736275227864553,4745.6705421209335,9513.366356492044,7129.518449306488,0.9262138605117798,0.9999008178710938,complete,true,1
/Users/leyangloh/dev/bird-audio-pwa/data/20250611_080000.WAV,193.8777278842926,194.67021459166207,0.792486707369477,4823.780491948128,8613.171860575676,6718.476176261902,0.930952787399292,0.9991770386695862,complete,true,1
/Users/leyangloh/dev/bird-audio-pwa/data/20250611_080000.WAV,210.1459513282776,211.5454036049843,1.399452276706711,4872.860670089722,9442.400805652142,7157.630737870932,0.936923623085022,0.9998840093612672,complete,true,5
/Users/leyangloh/dev/bird-audio-pwa/data/20250611_080000.WAV,222.7288383878072,224.15990194638567,1.4310635585784723,4911.204636096954,9507.194370031357,7209.199503064156,0.9275322556495668,0.9999446868896484,complete,true,6
/Users/leyangloh/dev/bird-audio-pwa/data/20250611_080000.WAV,233.42754946962992,234.79505474503836,1.3675052754084334,4844.856172800064,9300.448805093763,7072.652488946915,0.928987443447113,0.9997988343238832,complete,true,1
/Users/leyangloh/dev/bird-audio-pwa/data/20250611_080000.WAV,233.43197704990703,234.80096680283543,1.368989752928428,4843.861520290375,9302.764892578123,7073.31320643425,0.92878520488739,0.9998431205749512,complete,true,1
/Users/leyangloh/dev/bird-audio-pwa/data/20250611_080000.WAV,233.472,234.79652623367303,1.3245262336730832,4852.97566652298,9461.737632751465,7157.356649637222,0.9311850070953368,0.9998503923416138,complete,true,1
/Users/leyangloh/dev/bird-audio-pwa/data/20250611_080000.WAV,234.15466666666663,234.79902089444795,0.6443542277812924,5078.248366713524,8595.312371850014,6836.780369281769,0.925587236881256,0.999186098575592,complete,true,1
/Users/leyangloh/dev/bird-audio-pwa/data/20250611_080000.WAV,243.49740646362304,244.93143605677287,1.4340295931498304,4851.093873381615,9591.710776090622,7221.402324736118,0.936110496520996,0.9998581409454346,complete,true,6
/Users/leyangloh/dev/bird-audio-pwa/data/20250611_080000.WAV,255.23856584739684,256.682289252917,1.4437234055201316,4890.0475949049,9450.819924473764,7170.433759689331,0.9270969033241272,0.9994696974754332,complete,true,5
/Users/leyangloh/dev/bird-audio-pwa/data/20250611_080000.WAV,269.8157212874095,271.2308284257253,1.4151071383158182,4758.359849452972,9423.034474253654,7090.697161853313,0.930273175239563,0.9996349811553956,complete,true,5
/Users/leyangloh/dev/bird-audio-pwa/data/20250611_080000.WAV,278.04560606416067,279.4636222117742,1.418016147613514,4814.69763815403,9635.783046483994,7225.240342319012,0.9310216307640076,0.9999243021011353,complete,true,6
/Users/leyangloh/dev/bird-audio-pwa/data/20250611_080000.WAV,289.5294320824941,290.93523502159115,1.4058029390970432,4881.753534078598,9591.294139623642,7236.52383685112,0.9328944087028505,0.9999970197677612,complete,true,5
/Users/leyangloh/dev/bird-audio-pwa/data/20250611_080000.WAV,643.7264935735067,645.0498174908956,1.3233239173889615,4823.9264488220215,9050.478994846344,6937.202721834183,0.9353594779968262,0.9987364411354064,complete,true,1
/Users/leyangloh/dev/bird-audio-pwa/data/20250611_080000.WAV,643.7308940181732,645.0586955159505,1.3278014977772727,4819.157034158707,9052.25059390068,6935.703814029694,0.9346874952316284,0.9993454813957214,complete,true,1
/Users/leyangloh/dev/bird-audio-pwa/data/20250611_080000.WAV,643.7567494373321,645.0471810655594,1.2904316282272248,4816.240578889847,9106.450885534286,6961.345732212067,0.9335016012191772,0.9984756112098694,complete,true,1
/Users/leyangloh/dev/bird-audio-pwa/data/20250611_080000.WAV,644.4373333333333,645.0406771813233,0.6033438479900042,4994.184359908104,8395.628169178963,6694.906264543533,0.9265688061714172,0.9909341335296632,complete,true,1
/Users/leyangloh/dev/bird-audio-pwa/data/20250611_080000.WAV,659.794447397232,661.0662487421035,1.2718013448715055,4812.572658061981,9138.965517282486,6975.769087672234,0.9375703930854796,0.9995231628417968,complete,true,6
/Users/leyangloh/dev/bird-audio-pwa/data/20250611_080000.WAV,675.3011553436914,676.5581113694509,1.2569560257594503,4823.9070028066635,9192.930892109873,7008.418947458267,0.932589590549469,0.9999862909317015,complete,true,1
/Users/leyangloh/dev/bird-audio-pwa/data/20250611_080000.WAV,675.3075263739427,676.562387759765,1.2548613858223234,4821.976035833359,9195.907026529312,7008.941531181335,0.9326435923576356,0.9999862909317015,complete,true,1
/Users/leyangloh/dev/bird-audio-pwa/data/20250611_080000.WAV,675.3096875782013,676.5362888832093,1.2266013050079891,4825.5974650383,9194.231986999512,7009.914726018906,0.93404221534729,0.9999935626983644,complete,true,1
/Users/leyangloh/dev/bird-audio-pwa/data/20250611_080000.WAV,675.84,676.5652399984996,0.7252399984995463,5035.44969856739,8498.69428575039,6767.07199215889,0.9252796769142152,0.9991763234138488,complete,true,1
/Users/leyangloh/dev/bird-audio-pwa/data/20250611_080000.WAV,721.3819095904032,722.6489200061162,1.2670104157130029,4828.858584165573,9217.882812023165,7023.370698094368,0.9350700378417968,0.999996304512024,complete,true,5
/Users/leyangloh/dev/bird-audio-pwa/data/20250611_080000.WAV,735.9688087319532,737.3113159298101,1.3425071978568894,4672.3581701517105,9470.342382788658,7071.350276470184,0.94236022233963,0.9996943473815918,complete,true,1
/Users/leyangloh/dev/bird-audio-pwa/data/20250611_080000.WAV,735.9728175315856,737.2959999999999,1.323182468414302,4678.909242153168,9469.427525997162,7074.168384075165,0.9433164000511168,0.9990094900131226,complete,true,1
/Users/leyangloh/dev/bird-audio-pwa/data/20250611_080000.WAV,735.9729025519689,737.3007130540212,1.32781050205233,4720.31606733799,9396.23026549816,7058.273166418076,0.9422906637191772,0.9993492960929872,complete,true,1
/Users/leyangloh/dev/bird-audio-pwa/data/20250611_080000.WAV,736.5973333333333,737.2942350775401,0.696901744206798,4852.588087320328,8480.790764093399,6666.689425706863,0.9272297620773317,0.9999330043792723,complete,true,1
/Users/leyangloh/dev/bird-audio-pwa/data/20250611_080000.WAV,748.7941679693859,750.1358507849376,1.341682815551735,4790.841624140739,8995.223477482796,6893.032550811768,0.9290053248405457,0.999986171722412,complete,true,1
/Users/leyangloh/dev/bird-audio-pwa/data/20250611_080000.WAV,748.7983565680186,750.1414005025227,1.3430439345041805,4789.984434843063,8995.063215494156,6892.52382516861,0.928674817085266,0.9999611377716064,complete,true,1
/Users/leyangloh/dev/bird-audio-pwa/data/20250611_080000.WAV,748.8862327785491,750.1410559371312,1.2548231585820986,4802.925869822502,9034.255877137184,6918.590873479843,0.9307137727737428,0.9999678134918212,complete,true,1
/Users/leyangloh/dev/bird-audio-pwa/data/20250611_080000.WAV,749.568,750.1431137677828,0.5751137677827955,5032.599404454231,8320.89601457119,6676.747709512711,0.9264017939567566,0.9999508857727052,complete,true,1
/Users/leyangloh/dev/bird-audio-pwa/data/20250611_080000.WAV,761.9405163644155,763.337911602656,1.397395238240506,4732.45395720005,9254.572302103044,6993.5131296515465,0.9269331693649292,0.9998960494995116,complete,true,5
/Users/leyangloh/dev/bird-audio-pwa/data/20250611_080000.WAV,794.2380100625356,795.5621084003449,1.3240983378092324,4955.49438893795,9301.850706338882,7128.672547638416,0.9324899911880492,0.9990735054016112,complete,true,5
/Users/leyangloh/dev/bird-audio-pwa/data/20250611_080000.WAV,806.962149064064,808.3328646090824,1.37071554501847,4711.105585098267,9462.46361732483,7086.784601211548,0.9409566521644592,0.999970555305481,complete,true,1
/Users/leyangloh/dev/bird-audio-pwa/data/20250611_080000.WAV,806.9757762711843,808.3379364452362,1.362160174051951,4709.495589137077,9464.349880814552,7086.922734975815,0.9406521320343018,0.9999407529830932,complete,true,1
/Users/leyangloh/dev/bird-audio-pwa/data/20250611_080000.WAV,806.9779269568126,808.2933333333333,1.315406376520741,4723.580539226532,9461.534678936005,7092.557609081268,0.9412076473236084,0.9995173215866088,complete,true,1
/Users/leyangloh/dev/bird-audio-pwa/data/20250611_080000.WAV,807.5946666666666,808.3431593049366,0.7484926382700223,4860.9495386481285,8450.790144503117,6655.869841575623,0.9255293011665344,0.9966939687728882,complete,true,1
/Users/leyangloh/dev/bird-audio-pwa/data/20250611_080000.WAV,820.8817435042063,822.2262912317912,1.3445477275848816,4957.044929265976,9229.091316461563,7093.0681228637695,0.9277798533439636,0.9994180202484132,complete,true,6
/Users/leyangloh/dev/bird-audio-pwa/data/20250611_080000.WAV,841.5407425975799,842.9433650603295,1.402622462749605,4712.058439850807,9439.355045557022,7075.706742703915,0.9334299564361572,0.9995119571685792,complete,true,6
/Users/leyangloh/dev/bird-audio-pwa/data/20250611_080000.WAV,856.7775419982274,858.1320279105504,1.3544859123229571,4991.329371929169,9421.71549797058,7206.522434949875,0.9231071472167968,0.9994718432426452,complete,true,1
/Users/leyangloh/dev/bird-audio-pwa/data/20250611_080000.WAV,856.7836504720052,858.136543773651,1.3528933016458495,4992.787152528763,9410.373777151108,7201.580464839935,0.9228233098983764,0.9994767308235168,complete,true,1
/Users/leyangloh/dev/bird-audio-pwa/data/20250611_080000.WAV,856.7881013406117,858.1279999999999,1.3398986593882682,4977.649882435799,9409.758433699608,7193.704158067703,0.9272042512893676,0.9993993043899536,complete,true,1
/Users/leyangloh/dev/bird-audio-pwa/data/20250611_080000.WAV,857.4293801555633,858.1204179884592,0.6910378328958586,5293.909594416618,8604.085877537727,6948.997735977173,0.9011346101760864,0.9953922033309937,complete,true,1
/Users/leyangloh/dev/bird-audio-pwa/data/20250611_080000.WAV,866.4813465105692,867.8792648417154,1.397918331146229,4796.572387218475,9482.894226908684,7139.73330706358,0.9263110756874084,0.9957714676856996,complete,true,5
/Users/leyangloh/dev/bird-audio-pwa/data/20250611_080000.WAV,874.0489185123444,875.4272651513417,1.3783466389973,5048.66348952055,9460.59836447239,7254.630926996469,0.9284262657165528,0.998921036720276,complete,true,6
/Users/leyangloh/dev/bird-audio-pwa/data/20250611_080000.WAV,883.8570643151601,885.3018138251305,1.4447495099703929,4866.632133722305,9275.315389037132,7070.973761379719,0.926124632358551,0.9989853501319884,complete,true,5
/Users/leyangloh/dev/bird-audio-pwa/data/20250611_080000.WAV,893.2348676039377,894.5874160127639,1.3525484088262374,5016.325883567333,9292.670622467997,7154.498253017664,0.9399410486221312,0.999149203300476,complete,true,6
/Users/leyangloh/dev/bird-audio-pwa/data/20250612_050000.WAV,2.1601338119506837,3.564208722432454,1.4040749104817705,4714.751154184341,8991.727441549301,6853.239297866821,0.9243488311767578,0.9979068040847778,complete,true,5
/Users/leyangloh/dev/bird-audio-pwa/data/20250612_050000.WAV,8.959326988538105,10.3141252673467,1.3547982788085946,4934.616297483444,9129.309564828873,7031.962931156158,0.904989778995514,0.9889519810676576,complete,true,1
/Users/leyangloh/dev/bird-audio-pwa/data/20250612_050000.WAV,8.966422658284506,10.319714440027871,1.3532917817433674,4924.45407807827,9140.380159020424,7032.417118549347,0.9064292311668396,0.9577840566635132,complete,true,1
/Users/leyangloh/dev/bird-audio-pwa/data/20250612_050000.WAV,8.967484972635905,10.256,1.2885150273640953,4873.747810721397,9132.925406098366,7003.336608409882,0.9104974865913392,0.9884902238845824,complete,true,1
/Users/leyangloh/dev/bird-audio-pwa/data/20250612_050000.WAV,9.55763874197006,10.303715287685392,0.7460765457153311,5138.985313475132,8302.99349874258,6720.989406108856,0.8745777606964111,0.978088676929474,complete,true,1
/Users/leyangloh/dev/bird-audio-pwa/data/20250612_050000.WAV,17.379641160011293,18.74039571126302,1.360754551251727,4819.800317287445,8883.828207850456,6851.814262568951,0.9152874946594238,0.9434419870376588,complete,true,4
/Users/leyangloh/dev/bird-audio-pwa/data/20250612_050000.WAV,27.625976214090983,29.027365748723348,1.401389534632365,4998.867496848106,8953.145876526833,6976.0066866874695,0.923494040966034,0.990893006324768,complete,true,5
/Users/leyangloh/dev/bird-audio-pwa/data/20250612_050000.WAV,36.343355713844296,37.7389961271286,1.3956404132843048,4861.910328269005,9238.3731007576,7050.141714513302,0.922825038433075,0.808093786239624,complete,true,5
/Users/leyangloh/dev/bird-audio-pwa/data/20250612_050000.WAV,46.92270525487264,48.30396188545227,1.381256630579628,4848.627135157585,8872.2433000803,6860.435217618942,0.9310340285301208,0.9871394038200378,complete,true,5
/Users/leyangloh/dev/bird-audio-pwa/data/20250612_050000.WAV,53.936190543810525,55.30516400718689,1.3689734633763635,4917.72486269474,9079.195842146872,6998.460352420807,0.920561671257019,0.9978512525558472,complete,true,1
/Users/leyangloh/dev/bird-audio-pwa/data/20250612_050000.WAV,53.93760811773936,55.30941268889109,1.3718045711517348,4923.148289322853,9077.473863959312,7000.311076641083,0.920658528804779,0.998835027217865,complete,true,1
/Users/leyangloh/dev/bird-audio-pwa/data/20250612_050000.WAV,53.9419216302236,55.312000000000005,1.370078369776408,4898.832276463509,9083.1690877676,6991.000682115555,0.9203845858573914,0.9989965558052064,complete,true,1
/Users/leyangloh/dev/bird-audio-pwa/data/20250612_050000.WAV,54.61333333333333,55.29858903010686,0.685255696773531,5069.904461503029,8492.815777659416,6781.3601195812225,0.9138044714927672,0.977405607700348,complete,true,1
/Users/leyangloh/dev/bird-audio-pwa/data/20250612_050000.WAV,61.99808641179402,63.41125715168317,1.4131707398891464,5057.950973510742,9115.71054160595,7086.830757558346,0.9174522161483764,0.9784940481185912,complete,true,5
/Users/leyangloh/dev/bird-audio-pwa/data/20250612_050000.WAV,73.72307299804687,75.12048670959473,1.3974137115478555,4740.450516343117,9147.793337702751,6944.121927022934,0.9210245013237,0.998218834400177,complete,true,1
/Users/leyangloh/dev/bird-audio-pwa/data/20250612_050000.WAV,73.72716271336874,75.10686125055949,1.3796985371907482,4722.5541472435,9144.046068191528,6933.300107717514,0.9238292574882508,0.999657392501831,complete,true,1
/Users/leyangloh/dev/bird-audio-pwa/data/20250612_050000.WAV,73.72974355506896,75.11834420967101,1.388600654602044,4715.014457702637,9209.074437618256,6962.044447660446,0.921138346195221,0.998180627822876,complete,true,1
/Users/leyangloh/dev/bird-audio-pwa/data/20250612_050000.WAV,74.41066666666667,75.12154304567973,0.7108763790130581,5063.6710077524185,8481.33234679699,6772.501677274704,0.9084325432777404,0.9933876991271972,complete,true,1
/Users/leyangloh/dev/bird-audio-pwa/data/20250612_050000.WAV,82.44690002346039,83.81758646559715,1.3706864421367584,4941.083773970604,8871.03284150362,6906.058307737112,0.9198381304740906,0.9966475367546082,complete,true,5
/Users/leyangloh/dev/bird-audio-pwa/data/20250612_050000.WAV,91.02595489470164,92.4168028526306,1.3908479579289832,4744.797706604004,9235.245645046234,6990.021675825119,0.918137550354004,0.9864473342895508,complete,true,5
/Users/leyangloh/dev/bird-audio-pwa/data/20250612_050000.WAV,100.86917233681676,102.22842146698632,1.3592491301695588,4887.245133519173,9114.320039749146,7000.782586634159,0.9268285036087036,0.986377477645874,complete,true,5
/Users/leyangloh/dev/bird-audio-pwa/data/20250612_050000.WAV,115.00282034333549,116.33795857715609,1.3351382338206008,4985.510766506195,8812.371477484703,6898.941121995449,0.9326499700546264,0.9901579022407532,complete,true,6
/Users/leyangloh/dev/bird-audio-pwa/data/20250612_050000.WAV,125.2881303726832,126.6321870689392,1.34405669625599,5087.11776137352,9232.885971665382,7160.001866519451,0.927136242389679,0.9993972778320313,complete,true,6
/Users/leyangloh/dev/bird-audio-pwa/data/20250612_050000.WAV,134.25573801994324,135.66506622640293,1.4093282064596906,4845.570310950279,9206.394910812378,7025.982610881329,0.925301730632782,0.9987094402313232,complete,true,6
/Users/leyangloh/dev/bird-audio-pwa/data/20250612_050000.WAV,143.54642969576517,144.96038003031413,1.4139503345489572,4965.797200798988,8862.284984439611,6914.0410926193,0.9250327944755554,0.9995796084403992,complete,true,6
/Users/leyangloh/dev/bird-audio-pwa/data/20250612_050000.WAV,153.79396512794494,155.1727971528371,1.378832024892148,5210.558161139488,9114.717453718184,7162.637807428837,0.8832492232322693,0.9969663023948668,complete,true,5
/Users/leyangloh/dev/bird-audio-pwa/data/20250612_050000.WAV,163.71737530994417,165.05631725056966,1.3389419406255172,5084.482043981552,9015.314899384975,7049.898471683264,0.9194122552871704,0.9998069405555724,complete,true,5
/Users/leyangloh/dev/bird-audio-pwa/data/20250612_050000.WAV,172.89188337834673,174.25242442003884,1.3605410416921018,5061.5444630384445,9085.824474692345,7073.684468865395,0.9195123314857484,0.9194802045822144,complete,true,5
/Users/leyangloh/dev/bird-audio-pwa/data/20250612_050000.WAV,181.51146089871725,182.90997706095376,1.3985161622365183,4825.49487054348,9211.31207048893,7018.403470516205,0.9130353331565856,0.999479115009308,complete,true,1
/Users/leyangloh/dev/bird-audio-pwa/data/20250612_050000.WAV,181.51705645624796,182.9318932762146,1.414836819966638,4779.479116201401,9218.674510717392,6999.076813459396,0.912006676197052,0.999761164188385,complete,true,1
/Users/leyangloh/dev/bird-audio-pwa/data/20250612_050000.WAV,181.58933333333331,182.92059312756857,1.331259794235223,4842.597529292107,9214.703276753426,7028.650403022766,0.9202384948730468,0.9988942742347716,complete,true,1
/Users/leyangloh/dev/bird-audio-pwa/data/20250612_050000.WAV,182.272,182.9403851643403,0.66838516434035,5102.844670414925,8456.930503249168,6779.8875868320465,0.910026490688324,0.99959796667099,complete,true,1
/Users/leyangloh/dev/bird-audio-pwa/data/20250612_050000.WAV,189.40937523420652,190.75278416927657,1.3434089350700162,5338.596537709236,8886.513993144035,7112.555265426636,0.904930293560028,0.9705578088760376,complete,true,6
/Users/leyangloh/dev/bird-audio-pwa/data/20250612_050000.WAV,197.06493304125468,198.42015318218864,1.355220140933966,4778.184503316879,9125.421926379204,6951.8032148480415,0.9337874054908752,0.9999778270721436,complete,true,6
/Users/leyangloh/dev/bird-audio-pwa/data/20250612_050000.WAV,205.33750572331743,206.68448310534157,1.346977382024107,5038.77004981041,9134.660460054874,7086.715254932642,0.932040810585022,0.9998842477798462,complete,true,5
/Users/leyangloh/dev/bird-audio-pwa/data/20250612_050000.WAV,213.97615397071837,215.41359482161204,1.4374408508936654,4987.193405628204,9375.508412718773,7181.350909173489,0.9152215719223022,0.9990332126617432,complete,true,6
/Users/leyangloh/dev/bird-audio-pwa/data/20250612_050000.WAV,224.3851748803457,225.77431288282077,1.3891380024751072,4976.50346159935,9167.448565363884,7071.976013481617,0.92978835105896,0.9980695843696594,complete,true,5
/Users/leyangloh/dev/bird-audio-pwa/data/20250612_050000.WAV,233.1098998775482,234.55416384061175,1.4442639630635483,4879.581838846207,9078.103847801684,6978.842843323946,0.9271671772003174,0.9999731779098512,complete,true,6
/Users/leyangloh/dev/bird-audio-pwa/data/20250612_050000.WAV,235.88809097035727,237.3012479728063,1.413157002449026,4693.523034453392,9151.46092325449,6922.491978853941,0.914350688457489,0.9985781908035278,complete,true,5
/Users/leyangloh/dev/bird-audio-pwa/data/20250612_050000.WAV,240.91397690963743,242.30844114812217,1.3944642384846873,4908.433020114899,9108.00075531006,7008.216887712479,0.9111377000808716,0.9909476637840272,complete,true,1
/Users/leyangloh/dev/bird-audio-pwa/data/20250612_050000.WAV,240.91885916487377,242.3255472796758,1.4066881148020514,4877.063021063805,9116.571083664894,6996.817052364349,0.909653663635254,0.9757037162780762,complete,true,1
/Users/leyangloh/dev/bird-audio-pwa/data/20250612_050000.WAV,240.98207233874004,242.3116678155263,1.3295954767862952,4916.115090250969,9104.586079716682,7010.350584983826,0.9200591444969176,0.9909476637840272,complete,true,1
/Users/leyangloh/dev/bird-audio-pwa/data/20250612_050000.WAV,241.664,242.3075421649615,0.6435421649615023,5130.297526717186,8347.176745533943,6738.737136125565,0.9262250065803528,0.9366863369941713,complete,true,1
/Users/leyangloh/dev/bird-audio-pwa/data/20250612_050000.WAV,248.01576185830433,249.2794087152481,1.2636468569437795,5448.967203497887,8557.770386338234,7003.36879491806,0.8809842467308044,0.6092149019241333,complete,true,1
/Users/leyangloh/dev/bird-audio-pwa/data/20250612_050000.WAV,248.0174513613383,249.28243608983357,1.2649847284952784,5456.595182418823,8562.865018844604,7009.730100631714,0.8819339275360107,0.631131649017334,complete,true,1
/Users/leyangloh/dev/bird-audio-pwa/data/20250612_050000.WAV,272.1274385201136,273.4990620762507,1.3716235561370809,4694.889843463898,8983.44824463129,6839.169044047594,0.9279740452766418,0.99997878074646,complete,true,5
/Users/leyangloh/dev/bird-audio-pwa/data/20250612_050000.WAV,278.15732289632166,279.55895996665953,1.4016370703378698,4977.564610540867,9133.372329175472,7055.46846985817,0.9084799885749816,0.99936181306839,complete,true,6
/Users/leyangloh/dev/bird-audio-pwa/data/20250612_050000.WAV,284.7288300724029,286.09775393040974,1.3689238580068377,4879.131451249123,9101.678118109705,6990.404784679413,0.9296611547470092,0.999972939491272,complete,true,1
/Users/leyangloh/dev/bird-audio-pwa/data/20250612_050000.WAV,284.73871751761436,286.1014088620345,1.3626913444201136,4885.767459869385,9093.46318244934,6989.615321159363,0.9299355149269104,0.9999767541885376,complete,true,1
/Users/leyangloh/dev/bird-audio-pwa/data/20250612_050000.WAV,284.7396194330851,286.05333333333334,1.3137139002482172,4880.205675959587,9082.117214798927,6981.161445379257,0.9296408891677856,0.9999979734420776,complete,true,1
/Users/leyangloh/dev/bird-audio-pwa/data/20250612_050000.WAV,285.35557347901664,286.10704800573984,0.7514745267232001,5057.539589703083,8600.86577385664,6829.202681779861,0.9251128435134888,0.9999676942825316,complete,true,1
/Users/leyangloh/dev/bird-audio-pwa/data/20250612_050000.WAV,292.050570933342,293.4785023957888,1.427931462446793,4680.011071264744,9191.860914230348,6935.935992747545,0.9230445623397828,0.9999573230743408,complete,true,5
/Users/leyangloh/dev/bird-audio-pwa/data/20250612_050000.WAV,298.71453552222255,300.05722802988686,1.34269250766431,4846.388608217239,8959.780432283878,6903.084520250559,0.9225121736526488,0.9998119473457336,complete,true,6
/Users/leyangloh/dev/bird-audio-pwa/data/20250612_050000.WAV,306.64689991283416,308.02903942712146,1.382139514287303,4842.022642493248,9016.358837485312,6929.190739989281,0.9244864583015442,0.9914541244506836,complete,true,5
/Users/leyangloh/dev/bird-audio-pwa/data/20250612_050000.WAV,316.7173878873189,318.0805778230031,1.363189935684204,4858.017101883888,9114.545568823814,6986.281335353851,0.9279775619506836,0.9980249404907228,complete,true,1
/Users/leyangloh/dev/bird-audio-pwa/data/20250612_050000.WAV,316.7214045861562,318.0888956184387,1.3674910322824871,4848.7715274095535,9117.61312186718,6983.192324638367,0.9275371432304382,0.9982247948646544,complete,true,1
/Users/leyangloh/dev/bird-audio-pwa/data/20250612_050000.WAV,316.75733333333335,318.0810319922765,1.323698658943158,4854.072242975235,9206.034153699877,7030.053198337555,0.9290186166763306,0.9995279312133788,complete,true,1
/Users/leyangloh/dev/bird-audio-pwa/data/20250612_050000.WAV,317.44,318.08014321486155,0.6401432148615527,5102.769568562508,8503.500804305077,6803.135186433792,0.9255508780479432,0.9985613226890564,complete,true,1
/Users/leyangloh/dev/bird-audio-pwa/data/20250612_050000.WAV,322.18381633059187,323.55060273742674,1.3667864068348765,4750.242814421654,9178.192153573036,6964.217483997345,0.9365159869194032,0.9997757077217102,complete,true,1
/Users/leyangloh/dev/bird-audio-pwa/data/20250612_050000.WAV,322.1874868969122,323.55823428432143,1.3707473874092102,4734.10239815712,9176.023811101912,6955.063104629517,0.935989260673523,0.999819815158844,complete,true,1
/Users/leyangloh/dev/bird-audio-pwa/data/20250612_050000.WAV,322.21866666666665,323.55034458669024,1.3316779200235942,4731.386438012123,9276.09859406948,7003.742516040802,0.9366292357444764,0.99994158744812,complete,true,1
/Users/leyangloh/dev/bird-audio-pwa/data/20250612_050000.WAV,322.9013333333333,323.5522250740528,0.6508917407194872,4883.538655936718,8614.720948040485,6749.129801988602,0.925276219844818,0.9988558292388916,complete,true,1
/Users/leyangloh/dev/bird-audio-pwa/data/20250612_050000.WAV,333.23442405954995,334.61427572218577,1.379851662635815,4725.570067763329,9321.222737431526,7023.396402597427,0.920900285243988,0.9999351501464844,complete,true,5
/Users/leyangloh/dev/bird-audio-pwa/data/20250612_050000.WAV,339.649495165507,341.0248094393412,1.375314273834192,4953.218087553978,9073.28961789608,7013.253852725029,0.9188482761383056,0.9955968260765076,complete,true,6
/Users/leyangloh/dev/bird-audio-pwa/data/20250612_050000.WAV,349.8509103473027,351.2240017375946,1.3730913902919042,5237.65417188406,9284.352757036686,7261.003464460373,0.9057207703590392,0.9925644993782043,complete,true,5
/Users/leyangloh/dev/bird-audio-pwa/data/20250612_050000.WAV,357.28975957838696,358.58675401337945,1.2969944349924845,5263.749942183495,9163.64474594593,7213.697344064712,0.9164798855781556,0.9999197721481324,complete,true,5
/Users/leyangloh/dev/bird-audio-pwa/data/20250612_050000.WAV,364.0652820739746,365.4489697478612,1.3836876738866408,4911.5555584430695,9267.920650541782,7089.738104492426,0.9265074729919434,0.9999998807907104,complete,true,5
/Users/leyangloh/dev/bird-audio-pwa/data/20250612_050000.WAV,373.9107993570964,375.30897538606325,1.3981760289668728,4839.631900191307,9258.413225412369,7049.022562801838,0.9315009713172911,0.9995237588882446,complete,true,5
/Users/leyangloh/dev/bird-audio-pwa/data/20250612_050000.WAV,382.5509233233134,383.9053438027699,1.3544204794565644,4912.254273891449,8934.401035308838,6923.327654600143,0.9219152927398682,0.999896764755249,complete,true,5
/Users/leyangloh/dev/bird-audio-pwa/data/20250612_050000.WAV,389.8306575196584,391.1789180399577,1.3482605202992772,5076.563268899918,9161.270767450333,7118.917018175125,0.927018404006958,0.9537869691848756,complete,true,1
/Users/leyangloh/dev/bird-audio-pwa/data/20250612_050000.WAV,389.8410377852122,391.1830977980296,1.342060012817342,5084.511324763298,9081.409111618996,7082.960218191147,0.9276224970817566,0.9398901462554932,complete,true,1
/Users/leyangloh/dev/bird-audio-pwa/data/20250612_050000.WAV,389.84439307912186,391.184,1.3396069208781114,5070.327803492546,9085.385039448738,7077.856421470642,0.9263248443603516,0.9398901462554932,complete,true,1
/Users/leyangloh/dev/bird-audio-pwa/data/20250612_050000.WAV,390.4854039759635,391.168777369976,0.6833733940124489,5122.836962342262,8657.994255423546,6890.415608882904,0.9212971925735474,0.9981064796447754,complete,true,1
/Users/leyangloh/dev/bird-audio-pwa/data/20250612_050000.WAV,399.0429944591522,400.4496043186187,1.4066098594665275,4801.896572113037,9294.195234775543,7048.04590344429,0.9276077151298524,0.9995262622833252,complete,true,6
/Users/leyangloh/dev/bird-audio-pwa/data/20250612_050000.WAV,408.6338744468688,410.0376042480468,1.403729801177974,4973.22490811348,9262.39462941885,7117.809768766165,0.9261814951896667,0.9999997615814208,complete,true,6
/Users/leyangloh/dev/bird-audio-pwa/data/20250612_050000.WAV,416.56311706988015,417.953766960144,1.3906498902638873,5106.693416833878,9133.771419525146,7120.232418179512,0.9253750443458556,0.9999678134918212,complete,true,5
/Users/leyangloh/dev/bird-audio-pwa/data/20250612_050000.WAV,427.0873433952332,428.4633788560232,1.3760354607899783,4832.099586725235,9362.9959076643,7097.547747194767,0.9303318858146667,0.9999955892562866,complete,true,6
/Users/leyangloh/dev/bird-audio-pwa/data/20250612_050000.WAV,437.0701507129669,438.4724548918406,1.402304178873692,4935.217335820198,9097.747787833214,7016.482561826706,0.9263204336166382,0.9999876022338868,complete,true,5
/Users/leyangloh/dev/bird-audio-pwa/data/20250612_050000.WAV,450.7351999177933,452.1331942122777,1.3979942944844763,5163.83184492588,9132.10252672434,7147.9671858251095,0.910293459892273,0.9608672261238098,complete,true,5
/Users/leyangloh/dev/bird-audio-pwa/data/20250612_050000.WAV,460.5310037536621,461.8602220304807,1.329218276818608,5139.491692185402,9235.64440011978,7187.568046152592,0.9195716977119446,0.9841013550758362,complete,true,4
/Users/leyangloh/dev/bird-audio-pwa/data/20250612_050000.WAV,473.0308426367442,474.4228072884877,1.3919646517435351,4708.137944340706,9277.994021773338,6993.065983057022,0.9156951308250428,0.9998612403869628,complete,true,1
/Users/leyangloh/dev/bird-audio-pwa/data/20250612_050000.WAV,473.0356228981018,474.4344163920085,1.3987934939066804,4680.68128824234,9282.837867736816,6981.759577989578,0.9141131639480592,0.9996377229690552,complete,true,1
/Users/leyangloh/dev/bird-audio-pwa/data/20250612_050000.WAV,473.088,474.424828610897,1.3368286108970435,4691.514506936073,9295.127972960472,6993.321239948273,0.920907199382782,0.9995263814926147,complete,true,1
/Users/leyangloh/dev/bird-audio-pwa/data/20250612_050000.WAV,473.7707963282267,474.4259776646296,0.6551813364029044,4652.092069387436,8552.327066659927,6602.209568023682,0.9105945229530334,0.9996021389961244,complete,true,1
/Users/leyangloh/dev/bird-audio-pwa/data/20250612_050000.WAV,481.4136304016113,482.7860505905151,1.3724201889038454,4814.685344696045,9122.816383838654,6968.750864267349,0.9261655211448668,0.99990975856781,complete,true,5
/Users/leyangloh/dev/bird-audio-pwa/data/20250612_050000.WAV,493.7758919582367,495.1348578921159,1.358965933879233,4868.090808391571,9163.418769836426,7015.754789113998,0.9299695491790771,0.9999935626983644,complete,true,5
/Users/leyangloh/dev/bird-audio-pwa/data/20250612_050000.WAV,502.55785126431783,503.9543457476298,1.396494483311983,5150.9950160980225,9173.521757125854,7162.2583866119385,0.91645485162735,0.9999747276306152,complete,true,5
/Users/leyangloh/dev/bird-audio-pwa/data/20250612_050000.WAV,511.90853634897866,513.2438758983611,1.3353395493824678,4955.282270908356,9255.507946014404,7105.39510846138,0.9318714737892152,0.9966601133346558,complete,true,1
/Users/leyangloh/dev/bird-audio-pwa/data/20250612_050000.WAV,511.91265025305745,513.2545977124373,1.3419474593798668,4938.853740692139,9258.53794813156,7098.69584441185,0.9309439063072203,0.9954941272735596,complete,true,1
/Users/leyangloh/dev/bird-audio-pwa/data/20250612_050000.WAV,512,513.2450664536158,1.2450664536157774,4953.3935487270355,9216.29986166954,7084.846705198288,0.93342787027359,0.995711088180542,complete,true,1
/Users/leyangloh/dev/bird-audio-pwa/data/20250612_050000.WAV,512.6826666666667,513.2344305894376,0.5517639227708742,5182.448387145996,8449.378967285156,6815.913677215576,0.903771698474884,0.9667224884033204,complete,true,1
/Users/leyangloh/dev/bird-audio-pwa/data/20250612_050000.WAV,524.0849000113805,525.4636412686506,1.3787412572701214,4984.650894999504,9347.239270806313,7165.945082902908,0.9289414882659912,0.9999980926513672,complete,true,5
/Users/leyangloh/dev/bird-audio-pwa/data/20250612_050000.WAV,534.7256025276183,536.0756081555684,1.350005627950054,5241.943135857582,9093.005195260048,7167.474165558815,0.91411292552948,0.9874468445777892,complete,true,5
/Users/leyangloh/dev/bird-audio-pwa/data/20250612_050000.WAV,544.9861162306468,546.342610994021,1.3564947633742577,5137.596935033798,9449.88450407982,7293.740719556808,0.9180893301963806,0.9999710321426392,complete,true,5
/Users/leyangloh/dev/bird-audio-pwa/data/20250612_050000.WAV,554.883843574524,556.2266066284179,1.3427630538939184,5414.860792458057,9243.72835457325,7329.294573515654,0.8994056582450867,0.9999475479125975,complete,true,5
/Users/leyangloh/dev/bird-audio-pwa/data/20250612_050000.WAV,566.3014003098805,567.6301975167592,1.3287972068786758,5200.736917555332,9011.667989194391,7106.202453374863,0.916651725769043,0.9998717308044434,complete,true,6
/Users/leyangloh/dev/bird-audio-pwa/data/20250612_050000.WAV,579.2460950457255,580.5969371999105,1.3508421541849884,5181.539788842201,9326.702937483788,7254.121363162994,0.9262800812721252,0.9999758005142212,complete,true,6
/Users/leyangloh/dev/bird-audio-pwa/data/20250612_050000.WAV,682.8777845001221,684.1582208919525,1.2804363918304489,4977.813273668289,8895.085662603378,6936.449468135834,0.9178241491317748,0.9863535165786744,complete,true,1
/Users/leyangloh/dev/bird-audio-pwa/data/20250612_050000.WAV,682.8832658261457,684.160806688706,1.2775408625602722,4985.488191246986,8895.582541823387,6940.535366535187,0.9188317656517028,0.9863535165786744,complete,true,1
/Users/leyangloh/dev/bird-audio-pwa/data/20250612_050000.WAV,682.8842121899922,684.048,1.1637878100077614,4953.609690070152,8877.990379929543,6915.800034999847,0.9140796661376952,0.9983094930648804,complete,true,1
/Users/leyangloh/dev/bird-audio-pwa/data/20250612_050000.WAV,683.349861720562,684.1578893154463,0.8080275948842655,5131.794758141041,8521.358840167522,6826.576799154282,0.9076784253120422,0.955061972141266,complete,true,1
/Users/leyangloh/dev/bird-audio-pwa/data/20250612_050000.WAV,695.7480985218684,697.0979775196712,1.3498789978027617,4849.209398031235,9128.999322652817,6989.104360342026,0.9330910444259644,0.9985935091972352,complete,true,1
/Users/leyangloh/dev/bird-audio-pwa/data/20250612_050000.WAV,695.7554456564585,697.1024170920053,1.346971435546834,4848.28582406044,9133.039623498917,6990.662723779678,0.9335516691207886,0.9987359642982484,complete,true,1
/Users/leyangloh/dev/bird-audio-pwa/data/20250612_050000.WAV,695.7572757898965,697.0186666666666,1.261390876770065,4810.266628861427,9133.11628997326,6971.691459417343,0.9293604493141174,0.9986419081687928,complete,true,1
/Users/leyangloh/dev/bird-audio-pwa/data/20250612_050000.WAV,696.3199999999999,697.1069712615013,0.7869712615013214,4961.424306035042,8483.66765677929,6722.5459814071655,0.9364359378814696,0.9931694269180298,complete,true,1
/Users/leyangloh/dev/bird-audio-pwa/data/20250612_050000.WAV,704.2531202057997,705.5957367646694,1.3426165588696222,5083.8974341750145,9209.886588156223,7146.892011165619,0.9293934106826782,0.9999819993972778,complete,true,6
/Users/leyangloh/dev/bird-audio-pwa/data/20250612_050000.WAV,735.8514754568736,737.1885507030487,1.337075246175118,4928.892910480499,9340.801298618317,7134.847104549408,0.9293591976165771,0.999798595905304,complete,true,1
/Users/leyangloh/dev/bird-audio-pwa/data/20250612_050000.WAV,735.8546963415146,737.205564499855,1.350868158340404,4896.672204136848,9343.000933527946,7119.8365688323975,0.927528977394104,0.999909520149231,complete,true,1
/Users/leyangloh/dev/bird-audio-pwa/data/20250612_050000.WAV,735.9151756537756,737.1876779696147,1.2725023158391195,4935.773000121117,9332.151845097542,7133.962422609329,0.9351223111152648,0.999798595905304,complete,true,1
/Users/leyangloh/dev/bird-audio-pwa/data/20250612_050000.WAV,736.5973333333333,737.179361893177,0.5820285598437067,5134.06066596508,8642.341330647469,6888.200998306274,0.9152467250823976,0.9996836185455322,complete,true,1
/Users/leyangloh/dev/bird-audio-pwa/data/20250612_050000.WAV,752.2564845587412,753.6018545430501,1.3453699843088316,4822.574615478516,9225.564658641815,7024.069637060165,0.9320679903030396,0.999906063079834,complete,true,1
/Users/leyangloh/dev/bird-audio-pwa/data/20250612_050000.WAV,752.2608810742696,753.6083953857421,1.347514311472537,4823.390007019043,9227.558434009552,7025.4742205142975,0.9319655299186708,0.9998598098754884,complete,true,1
/Users/leyangloh/dev/bird-audio-pwa/data/20250612_050000.WAV,752.3005802388192,753.6047111347517,1.3041308959325306,4819.270581007004,9267.153650522232,7043.212115764618,0.9314270615577698,0.9999163150787354,complete,true,1
/Users/leyangloh/dev/bird-audio-pwa/data/20250612_050000.WAV,752.9813333333333,753.6076167178949,0.6262833845615887,4986.3937720656395,8512.508668005466,6749.451220035553,0.9226417541503906,0.9999228715896606,complete,true,1
/Users/leyangloh/dev/bird-audio-pwa/data/20250612_050000.WAV,760.3791067307791,761.7679546728134,1.3888479420343174,4762.191832065582,9265.696540474892,7013.944186270237,0.9327702522277832,0.999858856201172,complete,true,5
/Users/leyangloh/dev/bird-audio-pwa/data/20250612_050000.WAV,765.8819725809096,767.2883386700947,1.4063660891850986,4871.17400765419,9228.275030851364,7049.724519252777,0.9216156005859376,0.9994946718215942,complete,true,1
/Users/leyangloh/dev/bird-audio-pwa/data/20250612_050000.WAV,765.8872942447662,767.3045880858102,1.4172938410440563,4841.124325990677,9232.958167791368,7037.041246891022,0.9194034934043884,0.9989659786224364,complete,true,1
/Users/leyangloh/dev/bird-audio-pwa/data/20250612_050000.WAV,765.952,767.3003447511991,1.348344751199079,4858.473300933838,9178.002834320068,7018.238067626953,0.9226244688034058,0.9993966817855836,complete,true,1
/Users/leyangloh/dev/bird-audio-pwa/data/20250612_050000.WAV,766.6346666666666,767.3118078745206,0.6771412078539925,5131.495803594589,8485.058158636093,6808.276981115341,0.9201083779335022,0.9983855485916138,complete,true,1
/Users/leyangloh/dev/bird-audio-pwa/data/20250612_050000.WAV,773.3181387863159,774.7124360337258,1.3942972474098951,4871.1217045784,9355.733826756476,7113.4277656674385,0.9260920882225036,0.9988571405410768,complete,true,5
/Users/leyangloh/dev/bird-audio-pwa/data/20250612_050000.WAV,780.6732996133168,782.1417129046122,1.4684132912954055,4839.03332054615,9294.71804201603,7066.87568128109,0.9188814759254456,0.9974111914634703,complete,true,6
/Users/leyangloh/dev/bird-audio-pwa/data/20250612_050000.WAV,788.8679815775553,790.2373290166854,1.369347439130138,5010.130986571312,9575.953468680382,7293.042227625847,0.9318076968193054,0.9999537467956544,complete,true,6
/Users/leyangloh/dev/bird-audio-pwa/data/20250612_050000.WAV,796.5376425495148,797.930325725158,1.392683175643242,5017.869383096695,9113.912791013718,7065.891087055206,0.9278937578201294,0.9996770620346068,complete,true,5
/Users/leyangloh/dev/bird-audio-pwa/data/20250612_050000.WAV,804.4853970324198,805.8778719518979,1.3924749194781043,4875.8111000061035,9434.386029839516,7155.09856492281,0.9300534725189208,0.9998629093170166,complete,true,6
/Users/leyangloh/dev/bird-audio-pwa/data/20250612_050000.WAV,813.8847840595246,815.2439954681396,1.3592114086150104,4815.557286143303,9213.584795594215,7014.571040868759,0.92510324716568,0.9983456134796144,complete,true,5
/Users/leyangloh/dev/bird-audio-pwa/data/20250612_050000.WAV,822.3855650691985,823.796504345099,1.410939275900546,4756.7563354969025,9404.210060834885,7080.483198165894,0.935353457927704,0.999957799911499,complete,true,6
/Users/leyangloh/dev/bird-audio-pwa/data/20250612_050000.WAV,836.9599271084468,838.318222811381,1.3582957029342424,5091.642200946808,9054.395020008087,7073.0186104774475,0.9188511967658995,0.9996771812438964,complete,true,1
/Users/leyangloh/dev/bird-audio-pwa/data/20250612_050000.WAV,836.9654416684309,838.3230878357092,1.3576461672782898,5091.464728116989,9048.256784677504,7069.860756397247,0.918767273426056,0.999210238456726,complete,true,1
/Users/leyangloh/dev/bird-audio-pwa/data/20250612_050000.WAV,836.9694665120442,838.3306666666666,1.361200154622452,5061.9150549173355,9051.824793219566,7056.869924068451,0.9166066646575928,0.9978690147399902,complete,true,1
/Users/leyangloh/dev/bird-audio-pwa/data/20250612_050000.WAV,837.6320050751368,838.3146253843307,0.6826203091939078,5287.699721753597,8534.435726702213,6911.067724227905,0.9211479425430298,0.9986975193023682,complete,true,1
/Users/leyangloh/dev/bird-audio-pwa/data/20250612_050000.WAV,847.0272763036091,848.3923409557342,1.3650646521250565,4909.562677145004,9182.954974472525,7046.2588258087635,0.9327719211578368,0.9999886751174928,complete,true,5
/Users/leyangloh/dev/bird-audio-pwa/data/20250612_050000.WAV,859.3985317948659,860.7589623559317,1.3604305610657548,4746.565282344818,9302.95778810978,7024.761535227299,0.9374660849571228,0.9998658895492554,complete,true,5
/Users/leyangloh/dev/bird-audio-pwa/data/20250612_050000.WAV,871.8267881650924,873.1677539129256,1.340965747833252,4866.233825683594,9293.259143829346,7079.74648475647,0.9298998713493348,0.9998844861984252,complete,true,1
/Users/leyangloh/dev/bird-audio-pwa/data/20250612_050000.WAV,871.8371402718226,873.1724582109451,1.3353179391225467,4865.647315979004,9294.3794131279,7080.0133645534515,0.929570734500885,0.9999823570251464,complete,true,1
/Users/leyangloh/dev/bird-audio-pwa/data/20250612_050000.WAV,871.8381814670563,873.1466666666666,1.3084851996103453,4875.371217727661,9290.659189224243,7083.015203475952,0.92968487739563,0.9999796152114868,complete,true,1
/Users/leyangloh/dev/bird-audio-pwa/data/20250612_050000.WAV,872.448,873.170369190057,0.7223691900570657,5019.391760230064,8515.92792570591,6767.659842967987,0.9201217889785768,0.999852418899536,complete,true,1
/Users/leyangloh/dev/bird-audio-pwa/data/20250612_050000.WAV,884.6175446166992,885.9886846987406,1.3711400820413928,4893.082514405251,9320.999331772327,7107.040923088789,0.9295945167541504,0.9999767541885376,complete,true,5
